Museum_ID,Source_Link
1.0,https://en.wikipedia.org/wiki/Ahsan_Manzil#Political_use
1.0,https://www.ahsanmanzil.org.bd/site/
8.0,https://bangladeshmuseum.gov.bd/pages/static-pages/6922db90933eb65569e0ae64
2.0,https://en.wikipedia.org/wiki/Bagha_Museum
3.0,https://www.thedailystar.net/news/bangladesh/news/boat-museum-demolished-barguna-3814671
4.0,https://www.trip.com/travel-guide/attraction/dhaka/bangladesh-air-force-museum-38910466
6.0,https://www.bb.org.bd/en/index.php/museum/index
10.0,https://en.wikipedia.org/wiki/Barisal_Divisional_Museum
10.0,https://www.thedailystar.net/news-detail-38365
12.0,https://en.wikipedia.org/wiki/Bangabandhu_Memorial_Museum
15.0,https://en.wikipedia.org/wiki/Ramam%C4%81l%C4%81_Library
18.0,http://en.banglapedia.org/index.php/Dhaka_City_Museum
19.0,https://en.banglapedia.org/index.php/Dinajpur_Museum
20.0,"https://en.wikipedia.org/wiki/Ethnological_Museum,_Chittagong"
21.0,https://en.wikipedia.org/wiki/Fish_Museum_%26_Biodiversity_Centre
22.0,https://en.banglapedia.org/index.php/Bangla_Academy
23.0,https://www.alonelytraveler.com/faridpur-museum/
25.0,https://en.wikipedia.org/?curid=77205762
26.0,https://www.touristplaces.com.bd/kushtia/municipal-museum/
26.0,https://bn.wikipedia.org/wiki/%E0%A6%95%E0%A7%81%E0%A6%B7%E0%A7%8D%E0%A6%9F%E0%A6%BF%E0%A6%AF%E0%A6%BC%E0%A6%BE_%E0%A6%AA%E0%A7%8C%E0%A6%B0_%E0%A6%9C%E0%A6%BE%E0%A6%A6%E0%A7%81%E0%A6%98%E0%A6%B0
27.0,https://en.wikipedia.org/?curid=55646419
29.0,https://en.wikipedia.org/wiki/Lalbagh_Fort
29.0,https://www.ukessays.com/essays/tourism/lalbagh-fort.php
30.0,https://www.liberationwarmuseumbd.org/page/our-museum
31.0,https://vromonguide.com/place/lokayan-life-diversity-museum-thakurgaon
32.0,https://bn.wikipedia.org/wiki/%E0%A6%AE%E0%A6%BE%E0%A6%A6%E0%A6%BE%E0%A6%B0%E0%A7%80%E0%A6%AA%E0%A7%81%E0%A6%B0_%E0%A6%AE%E0%A6%BF%E0%A6%89%E0%A6%9C%E0%A6%BF%E0%A6%AF%E0%A6%BC%E0%A6%BE%E0%A6%AE
32.0,https://madaripurmuseum.org/
33.0,https://en.banglapedia.org/index.php/Department_of_Archaeology
34.0,https://mainamati.archaeology.gov.bd/pages/static-pages/6922e0c1933eb65569e2876c
36.0,https://en.wikipedia.org/wiki/Museum_of_Rajas%27
38.0,https://en.wikipedia.org/wiki/National_Museum_of_Science_and_Technology_(Bangladesh)
40.0,https://en.m.wikipedia.org/wiki/Mymensingh_Museum
41.0,https://en.wikipedia.org/wiki/National_Art_Gallery_(Bangladesh)
43.0,https://www.osmanimuseum.org.bd/
44.0,https://panchagarh.info/place/rocks-museum/
47.0,https://en.banglapedia.org/index.php/Postal_Museum
49.0,https://greenbelt.com.bd/hason-raja-museum/
50.0,https://beautifulbangladesh.gov.bd/district-destination/narayanganj/heritage/117
51.0,https://en.wikipedia.org/wiki/Shilaidaha_Rabindra_Kuthibari
52.0,https://en.wikipedia.org/wiki/Shahjadpur_Kachharibari
54.0,https://www.bangladesh.com/attractions/museums/tribal-cultural-museum/
55.0,https://en.banglapedia.org/index.php/Varendra_Research_Museum
56.0,https://en.wikipedia.org/wiki/Zainul_Abedin_Museum
57.0,https://ziamuseum.org.bd/site/history
57.0,https://en.wikipedia.org/wiki/Zia_Memorial_Museum
58.0,https://adarbepari.com/tea-museum-sreemangal
61.0,https://en.wikipedia.org/wiki/Paharpur_Archaeological_Museum
62.0,https://culture360.asef.org/resources/chittagong-university-museum-bangladesh/
62.0,https://museum.cu.ac.bd/
38.0,https://nmst.gov.bd/pages/static-pages/6922e0ce933eb65569e28a77
38.0,https://nmst.gov.bd/pages/static-pages/6922e097933eb65569e27ba5
38.0,https://nmst.gov.bd/pages/static-pages/6922de27933eb65569e189d2
38.0,https://nmst.gov.bd/pages/static-pages/6922e069933eb65569e26ec5
38.0,https://nmst.gov.bd/pages/static-pages/6922df53933eb65569e21397
55.0,http://vrmbd.ru.ac.bd/
34.0,https://www.academia.edu/37690133/Mainamati
61.0,https://www.academia.edu/39743344/CULTURAL_AND_RELIGIOUS_ASPECTS_OF_SCULPTURES_DISCOVERED_FROM_SOMAPURA_VIHARA_NAOGAON_A_CASE_STUDY_OF_SCULPTURES_DISPLAYED_AT_PAHARPUR_SITE_MUSEUM
61.0,https://www.scribd.com/document/487512765/Paharpur
61.0,https://www.stamforduniversity.edu.bd/asset/document/publications/journals/file/dba/AnInsightofTourismOpportunityinBangladeshACase164-171.pdf
61.0,https://www.dreamstime.com/somapura-mahavihara-known-as-paharpur-bihar-paharpur-vihara-unesco-cultural-heritage-site-bangladesh-paharpur-bihar-image103671135
62.0,https://museum.cu.ac.bd/wp-content/uploads/2024/11/Art-Vintage-low.pdf
56.0,https://www.prothomalo.com/photo/mxflbx8kn1
8.0,https://bangladeshmuseum.gov.bd/pages/photo-galleries/%E0%A7%A7%E0%A7%A6%E0%A7%A6-%E0%A6%A8%E0%A6%BF%E0%A6%B0%E0%A7%8D%E0%A6%A6%E0%A6%B6%E0%A6%A8-%E0%A6%B8%E0%A6%82%E0%A6%96%E0%A7%8D%E0%A6%AF%E0%A6%BE-360f62-6922dda281fc96cef9ec0e6e
8.0,https://commons.wikimedia.org/wiki/File:Bengal_Sultanate_helmet.jpg
